Workbook
Name Slicer_Age_Group: #N/A
Name Slicer_Department: #N/A
Name Slicer_Gender: #N/A
Name Slicer_JobRole: #N/A
Name Slicer_MaritalStatus: #N/A
Name Slicer_OverTime: #N/A

Sheet Raw_Data
A1: Age | B1: Attrition | C1: BusinessTravel | D1: DailyRate | E1: Department | F1: DistanceFromHome | G1: Education | H1: EducationField | I1: EmployeeCount | J1: EmployeeNumber | K1: EnvironmentSatisfaction | L1: Gender | M1: HourlyRate | N1: JobInvolvement | O1: JobLevel | P1: JobRole | Q1: JobSatisfaction | R1: MaritalStatus | S1: MonthlyIncome | T1: MonthlyRate | U1: NumCompaniesWorked | V1: Over18 | W1: OverTime | X1: PercentSalaryHike | Y1: PerformanceRating | Z1: RelationshipSatisfaction | AA1: StandardHours | AB1: StockOptionLevel | AC1: TotalWorkingYears | AD1: TrainingTimesLastYear | AE1: WorkLifeBalance | AF1: YearsAtCompany | AG1: YearsInCurrentRole | AH1: YearsSinceLastPromotion | AI1: YearsWithCurrManager
A2: 41 | B2: Yes | C2: Travel_Rarely | D2: 1102 | E2: Sales | F2: 1 | G2: 2 | H2: Life Sciences | I2: 1 | J2: 1 | K2: 2 | L2: Female | M2: 94 | N2: 3 | O2: 2 | P2: Sales Executive | Q2: 4 | R2: Single | S2: 5993 | T2: 19479 | U2: 8 | V2: Y | W2: Yes | X2: 11 | Y2: 3 | Z2: 1 | AA2: 80 | AB2: 0 | AC2: 8 | AD2: 0 | AE2: 1 | AF2: 6 | AG2: 4 | AH2: 0 | AI2: 5
A3: 49 | B3: No | C3: Travel_Frequently | D3: 279 | E3: Research & Development | F3: 8 | G3: 1 | H3: Life Sciences | I3: 1 | J3: 2 | K3: 3 | L3: Male | M3: 61 | N3: 2 | O3: 2 | P3: Research Scientist | Q3: 2 | R3: Married | S3: 5130 | T3: 24907 | U3: 1 | V3: Y | W3: No | X3: 23 | Y3: 4 | Z3: 4 | AA3: 80 | AB3: 1 | AC3: 10 | AD3: 3 | AE3: 3 | AF3: 10 | AG3: 7 | AH3: 1 | AI3: 7
A4: 37 | B4: Yes | C4: Travel_Rarely | D4: 1373 | E4: Research & Development | F4: 2 | G4: 2 | H4: Other | I4: 1 | J4: 4 | K4: 4 | L4: Male | M4: 92 | N4: 2 | O4: 1 | P4: Laboratory Technician | Q4: 3 | R4: Single | S4: 2090 | T4: 2396 | U4: 6 | V4: Y | W4: Yes | X4: 15 | Y4: 3 | Z4: 2 | AA4: 80 | AB4: 0 | AC4: 7 | AD4: 3 | AE4: 3 | AF4: 0 | AG4: 0 | AH4: 0 | AI4: 0
A5: 33 | B5: No | C5: Travel_Frequently | D5: 1392 | E5: Research & Development | F5: 3 | G5: 4 | H5: Life Sciences | I5: 1 | J5: 5 | K5: 4 | L5: Female | M5: 56 | N5: 3 | O5: 1 | P5: Research Scientist | Q5: 3 | R5: Married | S5: 2909 | T5: 23159 | U5: 1 | V5: Y | W5: Yes | X5: 11 | Y5: 3 | Z5: 3 | AA5: 80 | AB5: 0 | AC5: 8 | AD5: 3 | AE5: 3 | AF5: 8 | AG5: 7 | AH5: 3 | AI5: 0
A6: 27 | B6: No | C6: Travel_Rarely | D6: 591 | E6: Research & Development | F6: 2 | G6: 1 | H6: Medical | I6: 1 | J6: 7 | K6: 1 | L6: Male | M6: 40 | N6: 3 | O6: 1 | P6: Laboratory Technician | Q6: 2 | R6: Married | S6: 3468 | T6: 16632 | U6: 9 | V6: Y | W6: No | X6: 12 | Y6: 3 | Z6: 4 | AA6: 80 | AB6: 1 | AC6: 6 | AD6: 3 | AE6: 3 | AF6: 2 | AG6: 2 | AH6: 2 | AI6: 2
A7: 32 | B7: No | C7: Travel_Frequently | D7: 1005 | E7: Research & Development | F7: 2 | G7: 2 | H7: Life Sciences | I7: 1 | J7: 8 | K7: 4 | L7: Male | M7: 79 | N7: 3 | O7: 1 | P7: Laboratory Technician | Q7: 4 | R7: Single | S7: 3068 | T7: 11864 | U7: 0 | V7: Y | W7: No | X7: 13 | Y7: 3 | Z7: 3 | AA7: 80 | AB7: 0 | AC7: 8 | AD7: 2 | AE7: 2 | AF7: 7 | AG7: 7 | AH7: 3 | AI7: 6
A8: 59 | B8: No | C8: Travel_Rarely | D8: 1324 | E8: Research & Development | F8: 3 | G8: 3 | H8: Medical | I8: 1 | J8: 10 | K8: 3 | L8: Female | M8: 81 | N8: 4 | O8: 1 | P8: Laboratory Technician | Q8: 1 | R8: Married | S8: 2670 | T8: 9964 | U8: 4 | V8: Y | W8: Yes | X8: 20 | Y8: 4 | Z8: 1 | AA8: 80 | AB8: 3 | AC8: 12 | AD8: 3 | AE8: 2 | AF8: 1 | AG8: 0 | AH8: 0 | AI8: 0
A9: 30 | B9: No | C9: Travel_Rarely | D9: 1358 | E9: Research & Development | F9: 24 | G9: 1 | H9: Life Sciences | I9: 1 | J9: 11 | K9: 4 | L9: Male | M9: 67 | N9: 3 | O9: 1 | P9: Laboratory Technician | Q9: 3 | R9: Divorced | S9: 2693 | T9: 13335 | U9: 1 | V9: Y | W9: No | X9: 22 | Y9: 4 | Z9: 2 | AA9: 80 | AB9: 1 | AC9: 1 | AD9: 2 | AE9: 3 | AF9: 1 | AG9: 0 | AH9: 0 | AI9: 0
A10: 38 | B10: No | C10: Travel_Frequently | D10: 216 | E10: Research & Development | F10: 23 | G10: 3 | H10: Life Sciences | I10: 1 | J10: 12 | K10: 4 | L10: Male | M10: 44 | N10: 2 | O10: 3 | P10: Manufacturing Director | Q10: 3 | R10: Single | S10: 9526 | T10: 8787 | U10: 0 | V10: Y | W10: No | X10: 21 | Y10: 4 | Z10: 2 | AA10: 80 | AB10: 0 | AC10: 10 | AD10: 2 | AE10: 3 | AF10: 9 | AG10: 7 | AH10: 1 | AI10: 8
A11: 36 | B11: No | C11: Travel_Rarely | D11: 1299 | E11: Research & Development | F11: 27 | G11: 3 | H11: Medical | I11: 1 | J11: 13 | K11: 3 | L11: Male | M11: 94 | N11: 3 | O11: 2 | P11: Healthcare Representative | Q11: 3 | R11: Married | S11: 5237 | T11: 16577 | U11: 6 | V11: Y | W11: No | X11: 13 | Y11: 3 | Z11: 2 | AA11: 80 | AB11: 2 | AC11: 17 | AD11: 3 | AE11: 2 | AF11: 7 | AG11: 7 | AH11: 7 | AI11: 7
A12: 35 | B12: No | C12: Travel_Rarely | D12: 809 | E12: Research & Development | F12: 16 | G12: 3 | H12: Medical | I12: 1 | J12: 14 | K12: 1 | L12: Male | M12: 84 | N12: 4 | O12: 1 | P12: Laboratory Technician | Q12: 2 | R12: Married | S12: 2426 | T12: 16479 | U12: 0 | V12: Y | W12: No | X12: 13 | Y12: 3 | Z12: 3 | AA12: 80 | AB12: 1 | AC12: 6 | AD12: 5 | AE12: 3 | AF12: 5 | AG12: 4 | AH12: 0 | AI12: 3
A13: 29 | B13: No | C13: Travel_Rarely | D13: 153 | E13: Research & Development | F13: 15 | G13: 2 | H13: Life Sciences | I13: 1 | J13: 15 | K13: 4 | L13: Female | M13: 49 | N13: 2 | O13: 2 | P13: Laboratory Technician | Q13: 3 | R13: Single | S13: 4193 | T13: 12682 | U13: 0 | V13: Y | W13: Yes | X13: 12 | Y13: 3 | Z13: 4 | AA13: 80 | AB13: 0 | AC13: 10 | AD13: 3 | AE13: 3 | AF13: 9 | AG13: 5 | AH13: 0 | AI13: 8
... A1471: 34 | B1471: No | C1471: Travel_Rarely | D1471: 628 | E1471: Research & Development | F1471: 8 | G1471: 3 | H1471: Medical | I1471: 1 | J1471: 2068 | K1471: 2 | L1471: Male | M1471: 82 | N1471: 4 | O1471: 2 | P1471: Laboratory Technician | Q1471: 3 | R1471: Married | S1471: 4404 | T1471: 10228 | U1471: 2 | V1471: Y | W1471: No | X1471: 12 | Y1471: 3 | Z1471: 1 | AA1471: 80 | AB1471: 0 | AC1471: 6 | AD1471: 3 | AE1471: 4 | AF1471: 4 | AG1471: 3 | AH1471: 1 | AI1471: 2

Sheet Clean_Data
A1: Age | B1: Attrition | C1: BusinessTravel | D1: DailyRate | E1: Department | F1: DistanceFromHome | G1: Education | H1: EducationField | I1: EmployeeCount | J1: EmployeeNumber | K1: EnvironmentSatisfaction | L1: Gender | M1: HourlyRate | N1: JobInvolvement | O1: JobLevel | P1: JobRole | Q1: JobSatisfaction | R1: MaritalStatus | S1: MonthlyIncome | T1: MonthlyRate | U1: NumCompaniesWorked | V1: Over18 | W1: OverTime | X1: PercentSalaryHike | Y1: PerformanceRating | Z1: RelationshipSatisfaction | AA1: StandardHours | AB1: StockOptionLevel | AC1: TotalWorkingYears | AD1: TrainingTimesLastYear | AE1: WorkLifeBalance | AF1: YearsAtCompany | AG1: YearsInCurrentRole | AH1: YearsSinceLastPromotion | AI1: YearsWithCurrManager | AJ1: Age Group | AK1: Attrition Flag | AL1: Salary Band | AM1: Tenure Group
A2: =Raw_Data!A2 -> 41 | B2: =Raw_Data!B2 -> Yes | C2: =Raw_Data!C2 -> Travel_Rarely | D2: =Raw_Data!D2 -> 1102 | E2: =Raw_Data!E2 -> Sales | F2: =Raw_Data!F2 -> 1 | G2: =Raw_Data!G2 -> 2 | H2: =Raw_Data!H2 -> Life Sciences | ... AI2: =Raw_Data!AI2 -> 5 | AJ2: =IF(A2<=25,"18-25",IF(A2<=35,"26-35",IF(A2<=45,"36-45","46+"))) -> 36-45 | AK2: =IF(B2="Yes",1,0) -> 1 | AL2: =IF(S2<5000,"Low",IF(S2<10000,"Medium","High")) -> Medium | AM2: =IF(AF2<=2,"0-2 Years",IF(AF2<=5,"3-5 Years",IF(AF2<=10,"6-10 Years","10+ Years"))) -> 6-10 Years
A3: =Raw_Data!A3 -> 49 | B3: =Raw_Data!B3 -> No | C3: =Raw_Data!C3 -> Travel_Frequently | D3: =Raw_Data!D3 -> 279 | E3: =Raw_Data!E3 -> Research & Development | F3: =Raw_Data!F3 -> 8 | G3: =Raw_Data!G3 -> 1 | H3: =Raw_Data!H3 -> Life Sciences | ... AI3: =Raw_Data!AI3 -> 7 | AJ3: =IF(A3<=25,"18-25",IF(A3<=35,"26-35",IF(A3<=45,"36-45","46+"))) -> 46+ | AK3: =IF(B3="Yes",1,0) -> 0 | AL3: =IF(S3<5000,"Low",IF(S3<10000,"Medium","High")) -> Medium | AM3: =IF(AF3<=2,"0-2 Years",IF(AF3<=5,"3-5 Years",IF(AF3<=10,"6-10 Years","10+ Years"))) -> 6-10 Years
A4: =Raw_Data!A4 -> 37 | B4: =Raw_Data!B4 -> Yes | C4: =Raw_Data!C4 -> Travel_Rarely | D4: =Raw_Data!D4 -> 1373 | E4: =Raw_Data!E4 -> Research & Development | F4: =Raw_Data!F4 -> 2 | G4: =Raw_Data!G4 -> 2 | H4: =Raw_Data!H4 -> Other | ... AI4: =Raw_Data!AI4 -> 0 | AJ4: =IF(A4<=25,"18-25",IF(A4<=35,"26-35",IF(A4<=45,"36-45","46+"))) -> 36-45 | AK4: =IF(B4="Yes",1,0) -> 1 | AL4: =IF(S4<5000,"Low",IF(S4<10000,"Medium","High")) -> Low | AM4: =IF(AF4<=2,"0-2 Years",IF(AF4<=5,"3-5 Years",IF(AF4<=10,"6-10 Years","10+ Years"))) -> 0-2 Years
A5: =Raw_Data!A5 -> 33 | B5: =Raw_Data!B5 -> No | C5: =Raw_Data!C5 -> Travel_Frequently | D5: =Raw_Data!D5 -> 1392 | E5: =Raw_Data!E5 -> Research & Development | F5: =Raw_Data!F5 -> 3 | G5: =Raw_Data!G5 -> 4 | H5: =Raw_Data!H5 -> Life Sciences | ... AI5: =Raw_Data!AI5 -> 0 | AJ5: =IF(A5<=25,"18-25",IF(A5<=35,"26-35",IF(A5<=45,"36-45","46+"))) -> 26-35 | AK5: =IF(B5="Yes",1,0) -> 0 | AL5: =IF(S5<5000,"Low",IF(S5<10000,"Medium","High")) -> Low | AM5: =IF(AF5<=2,"0-2 Years",IF(AF5<=5,"3-5 Years",IF(AF5<=10,"6-10 Years","10+ Years"))) -> 6-10 Years
A6: =Raw_Data!A6 -> 27 | B6: =Raw_Data!B6 -> No | C6: =Raw_Data!C6 -> Travel_Rarely | D6: =Raw_Data!D6 -> 591 | E6: =Raw_Data!E6 -> Research & Development | F6: =Raw_Data!F6 -> 2 | G6: =Raw_Data!G6 -> 1 | H6: =Raw_Data!H6 -> Medical | ... AI6: =Raw_Data!AI6 -> 2 | AJ6: =IF(A6<=25,"18-25",IF(A6<=35,"26-35",IF(A6<=45,"36-45","46+"))) -> 26-35 | AK6: =IF(B6="Yes",1,0) -> 0 | AL6: =IF(S6<5000,"Low",IF(S6<10000,"Medium","High")) -> Low | AM6: =IF(AF6<=2,"0-2 Years",IF(AF6<=5,"3-5 Years",IF(AF6<=10,"6-10 Years","10+ Years"))) -> 0-2 Years
A7: =Raw_Data!A7 -> 32 | B7: =Raw_Data!B7 -> No | C7: =Raw_Data!C7 -> Travel_Frequently | D7: =Raw_Data!D7 -> 1005 | E7: =Raw_Data!E7 -> Research & Development | F7: =Raw_Data!F7 -> 2 | G7: =Raw_Data!G7 -> 2 | H7: =Raw_Data!H7 -> Life Sciences | ... AI7: =Raw_Data!AI7 -> 6 | AJ7: =IF(A7<=25,"18-25",IF(A7<=35,"26-35",IF(A7<=45,"36-45","46+"))) -> 26-35 | AK7: =IF(B7="Yes",1,0) -> 0 | AL7: =IF(S7<5000,"Low",IF(S7<10000,"Medium","High")) -> Low | AM7: =IF(AF7<=2,"0-2 Years",IF(AF7<=5,"3-5 Years",IF(AF7<=10,"6-10 Years","10+ Years"))) -> 6-10 Years
A8: =Raw_Data!A8 -> 59 | B8: =Raw_Data!B8 -> No | C8: =Raw_Data!C8 -> Travel_Rarely | D8: =Raw_Data!D8 -> 1324 | E8: =Raw_Data!E8 -> Research & Development | F8: =Raw_Data!F8 -> 3 | G8: =Raw_Data!G8 -> 3 | H8: =Raw_Data!H8 -> Medical | ... AI8: =Raw_Data!AI8 -> 0 | AJ8: =IF(A8<=25,"18-25",IF(A8<=35,"26-35",IF(A8<=45,"36-45","46+"))) -> 46+ | AK8: =IF(B8="Yes",1,0) -> 0 | AL8: =IF(S8<5000,"Low",IF(S8<10000,"Medium","High")) -> Low | AM8: =IF(AF8<=2,"0-2 Years",IF(AF8<=5,"3-5 Years",IF(AF8<=10,"6-10 Years","10+ Years"))) -> 0-2 Years
A9: =Raw_Data!A9 -> 30 | B9: =Raw_Data!B9 -> No | C9: =Raw_Data!C9 -> Travel_Rarely | D9: =Raw_Data!D9 -> 1358 | E9: =Raw_Data!E9 -> Research & Development | F9: =Raw_Data!F9 -> 24 | G9: =Raw_Data!G9 -> 1 | H9: =Raw_Data!H9 -> Life Sciences | ... AI9: =Raw_Data!AI9 -> 0 | AJ9: =IF(A9<=25,"18-25",IF(A9<=35,"26-35",IF(A9<=45,"36-45","46+"))) -> 26-35 | AK9: =IF(B9="Yes",1,0) -> 0 | AL9: =IF(S9<5000,"Low",IF(S9<10000,"Medium","High")) -> Low | AM9: =IF(AF9<=2,"0-2 Years",IF(AF9<=5,"3-5 Years",IF(AF9<=10,"6-10 Years","10+ Years"))) -> 0-2 Years
A10: =Raw_Data!A10 -> 38 | B10: =Raw_Data!B10 -> No | C10: =Raw_Data!C10 -> Travel_Frequently | D10: =Raw_Data!D10 -> 216 | E10: =Raw_Data!E10 -> Research & Development | F10: =Raw_Data!F10 -> 23 | G10: =Raw_Data!G10 -> 3 | H10: =Raw_Data!H10 -> Life Sciences | ... AI10: =Raw_Data!AI10 -> 8 | AJ10: =IF(A10<=25,"18-25",IF(A10<=35,"26-35",IF(A10<=45,"36-45","46+"))) -> 36-45 | AK10: =IF(B10="Yes",1,0) -> 0 | AL10: =IF(S10<5000,"Low",IF(S10<10000,"Medium","High")) -> Medium | AM10: =IF(AF10<=2,"0-2 Years",IF(AF10<=5,"3-5 Years",IF(AF10<=10,"6-10 Years","10+ Years"))) -> 6-10 Years
A11: =Raw_Data!A11 -> 36 | B11: =Raw_Data!B11 -> No | C11: =Raw_Data!C11 -> Travel_Rarely | D11: =Raw_Data!D11 -> 1299 | E11: =Raw_Data!E11 -> Research & Development | F11: =Raw_Data!F11 -> 27 | G11: =Raw_Data!G11 -> 3 | H11: =Raw_Data!H11 -> Medical | ... AI11: =Raw_Data!AI11 -> 7 | AJ11: =IF(A11<=25,"18-25",IF(A11<=35,"26-35",IF(A11<=45,"36-45","46+"))) -> 36-45 | AK11: =IF(B11="Yes",1,0) -> 0 | AL11: =IF(S11<5000,"Low",IF(S11<10000,"Medium","High")) -> Medium | AM11: =IF(AF11<=2,"0-2 Years",IF(AF11<=5,"3-5 Years",IF(AF11<=10,"6-10 Years","10+ Years"))) -> 6-10 Years
A12: =Raw_Data!A12 -> 35 | B12: =Raw_Data!B12 -> No | C12: =Raw_Data!C12 -> Travel_Rarely | D12: =Raw_Data!D12 -> 809 | E12: =Raw_Data!E12 -> Research & Development | F12: =Raw_Data!F12 -> 16 | G12: =Raw_Data!G12 -> 3 | H12: =Raw_Data!H12 -> Medical | ... AI12: =Raw_Data!AI12 -> 3 | AJ12: =IF(A12<=25,"18-25",IF(A12<=35,"26-35",IF(A12<=45,"36-45","46+"))) -> 26-35 | AK12: =IF(B12="Yes",1,0) -> 0 | AL12: =IF(S12<5000,"Low",IF(S12<10000,"Medium","High")) -> Low | AM12: =IF(AF12<=2,"0-2 Years",IF(AF12<=5,"3-5 Years",IF(AF12<=10,"6-10 Years","10+ Years"))) -> 3-5 Years
A13: =Raw_Data!A13 -> 29 | B13: =Raw_Data!B13 -> No | C13: =Raw_Data!C13 -> Travel_Rarely | D13: =Raw_Data!D13 -> 153 | E13: =Raw_Data!E13 -> Research & Development | F13: =Raw_Data!F13 -> 15 | G13: =Raw_Data!G13 -> 2 | H13: =Raw_Data!H13 -> Life Sciences | ... AI13: =Raw_Data!AI13 -> 8 | AJ13: =IF(A13<=25,"18-25",IF(A13<=35,"26-35",IF(A13<=45,"36-45","46+"))) -> 26-35 | AK13: =IF(B13="Yes",1,0) -> 0 | AL13: =IF(S13<5000,"Low",IF(S13<10000,"Medium","High")) -> Low | AM13: =IF(AF13<=2,"0-2 Years",IF(AF13<=5,"3-5 Years",IF(AF13<=10,"6-10 Years","10+ Years"))) -> 6-10 Years
... A1471: =Raw_Data!A1471 -> 34 | B1471: =Raw_Data!B1471 -> No | C1471: =Raw_Data!C1471 -> Travel_Rarely | D1471: =Raw_Data!D1471 -> 628 | E1471: =Raw_Data!E1471 -> Research & Development | F1471: =Raw_Data!F1471 -> 8 | G1471: =Raw_Data!G1471 -> 3 | H1471: =Raw_Data!H1471 -> Medical | ... AI1471: =Raw_Data!AI1471 -> 2 | AJ1471: =IF(A1471<=25,"18-25",IF(A1471<=35,"26-35",IF(A1471<=45,"36-45","46+"))) -> 26-35 | AK1471: =IF(B1471="Yes",1,0) -> 0 | AL1471: =IF(S1471<5000,"Low",IF(S1471<10000,"Medium","High")) -> Low | AM1471: =IF(AF1471<=2,"0-2 Years",IF(AF1471<=5,"3-5 Years",IF(AF1471<=10,"6-10 Years","10+ Years"))) -> 3-5 Years

Sheet Pivot_Table
B2: Attrition by Department | E2: Average Salary by Department | H2: Overtime vs Attrition
B4: Department | C4: Sum of Attrition Flag | E4: Department | F4: Average of MonthlyIncome | H4: Overtime | I4: Sum of Attrition Flag
B5: Human Resources | C5: 12 | E5: Human Resources | F5: 6654.5079 | H5: No | I5: 110
B6: Research & Development | C6: 133 | E6: Research & Development | F6: 6281.2529 | H6: Yes | I6: 127
B7: Sales | C7: 92 | E7: Sales | F7: 6959.1726 | H7: Grand Total | I7: 237
B8: Grand Total | C8: 237 | E8: Grand Total | F8: 6502.9313
B10: Attrition by Gender | E10: Attrition by Job Role | H10: Job Satisfaction Analysis
B12: Gender | C12: Sum of Attrition Flag | E12: Row Labels | F12: Sum of Attrition Flag | H12: Row Labels | I12: Sum of EmployeeCount
B13: Female | C13: 87 | E13: Sales Representative | F13: 33 | H13: 1 | I13: 289
B14: Male | C14: 150 | E14: Sales Executive | F14: 57 | H14: 2 | I14: 280
B15: Grand Total | C15: 237 | E15: Research Scientist | F15: 47 | H15: 3 | I15: 442
E16: Research Director | F16: 2 | H16: 4 | I16: 459
B17: Attrition by Age Group | E17: Manufacturing Director | F17: 10 | H17: Grand Total | I17: 1470
E18: Manager | F18: 5
B19: Age Group | C19: Sum of Attrition Flag | E19: Laboratory Technician | F19: 62
B20: 18-25 | C20: 44 | E20: Human Resources | F20: 12 | H20: Attrition by Marital Status
B21: 26-35 | C21: 116 | E21: Healthcare Representative | F21: 9
B22: 36-45 | C22: 43 | E22: Grand Total | F22: 237 | H22: Row Labels | I22: Sum of Attrition Flag
B23: 46+ | C23: 34 | H23: Divorced | I23: 33
B24: Grand Total | C24: 237 | H24: Married | I24: 84
H25: Single | I25: 120
H26: Grand Total | I26: 237

Sheet Dashboard
B2: IBM HR Analytics Employee Attrition Dashboard
B5: Total Employees | F5: Attrition Count | J5: Attrition Rate % | N5: Average Salary | R5: Average Age | V5: Average Years at Company
B6: =SUM(Clean_Data!I2:I1471) -> 1470 | F6: =SUM(Clean_Data!AK2:AK1471) -> 237 | J6: =SUM(Clean_Data!AK2:AK1471)/SUM(Clean_Data!I2:I1471) -> 0.16122449 | N6: =AVERAGE(Clean_Data!S2:S1471) -> 6502.9313 | R6: =AVERAGE(Clean_Data!A45:A1471) -> 36.961458 | V6: =AVERAGE(Clean_Data!AF2,Clean_Data!AF2:AF1471) -> 7.0074779
A49: Created By: Rishabh Raj Excel | Power Query | Pivot Tables | Dashboarding GitHub: github.com/rishabhraj911888
